{
  "tokenomics_engine": "TokenomicsCore",
  "generated_at": "2025-07-29T20:25:05.547Z",
  "metrics": {
    "liquidity_ratio": 0.9567069615549074,
    "apr": 0.12682112334874293,
    "participation_rate": 0.7462570421255855,
    "treasury_efficiency": 0.8694625913829487,
    "token_price": 1.0068954259541374,
    "total_value_locked": 1073545.5868498138
  },
  "pools": [
    {
      "name": "USDC/TOKEN",
      "liquidity": 429418.23473992554,
      "apr": 0.1521853480184915
    },
    {
      "name": "ETH/TOKEN",
      "liquidity": 322063.6760549441,
      "apr": 0.13950323568361725
    },
    {
      "name": "BTC/TOKEN",
      "liquidity": 214709.11736996277,
      "apr": 0.11413901101386864
    },
    {
      "name": "STAKING",
      "liquidity": 107354.55868498138,
      "apr": 0.19023168502311438
    }
  ],
  "governance": {
    "active_proposals": 4,
    "participation_rate": 0.7462570421255855,
    "voting_power_distributed": 0.5970056337004684
  },
  "treasury": {
    "total_assets": 161031.83802747205,
    "efficiency_score": 0.8694625913829487,
    "asset_allocation": {
      "stablecoins": 0.4,
      "eth": 0.3,
      "btc": 0.2,
      "other": 0.1
    }
  }
}