{
  "tokenomics_engine": "TokenomicsCore",
  "generated_at": "2025-07-30T20:07:40.914Z",
  "metrics": {
    "liquidity_ratio": 0.9492677286388823,
    "apr": 0.12619227480111386,
    "participation_rate": 0.716712759386605,
    "treasury_efficiency": 0.816074108632554,
    "token_price": 0.9590319205052361,
    "total_value_locked": 1231733.5887047679
  },
  "pools": [
    {
      "name": "USDC/TOKEN",
      "liquidity": 492693.43548190716,
      "apr": 0.15143072976133662
    },
    {
      "name": "ETH/TOKEN",
      "liquidity": 369520.0766114303,
      "apr": 0.13881150228122527
    },
    {
      "name": "BTC/TOKEN",
      "liquidity": 246346.71774095358,
      "apr": 0.11357304732100248
    },
    {
      "name": "STAKING",
      "liquidity": 123173.35887047679,
      "apr": 0.1892884122016708
    }
  ],
  "governance": {
    "active_proposals": 1,
    "participation_rate": 0.716712759386605,
    "voting_power_distributed": 0.573370207509284
  },
  "treasury": {
    "total_assets": 184760.03830571516,
    "efficiency_score": 0.816074108632554,
    "asset_allocation": {
      "stablecoins": 0.4,
      "eth": 0.3,
      "btc": 0.2,
      "other": 0.1
    }
  }
}