{
  "tokenomics_engine": "TokenomicsCore",
  "generated_at": "2025-07-29T20:29:07.610Z",
  "metrics": {
    "liquidity_ratio": 0.9004718513250154,
    "apr": 0.13275028556077662,
    "participation_rate": 0.7355839359357094,
    "treasury_efficiency": 0.8637091521452074,
    "token_price": 1.0093188538827056,
    "total_value_locked": 1126469.4629318204
  },
  "pools": [
    {
      "name": "USDC/TOKEN",
      "liquidity": 450587.7851727282,
      "apr": 0.15930034267293194
    },
    {
      "name": "ETH/TOKEN",
      "liquidity": 337940.8388795461,
      "apr": 0.1460253141168543
    },
    {
      "name": "BTC/TOKEN",
      "liquidity": 225293.8925863641,
      "apr": 0.11947525700469895
    },
    {
      "name": "STAKING",
      "liquidity": 112646.94629318205,
      "apr": 0.19912542834116492
    }
  ],
  "governance": {
    "active_proposals": 1,
    "participation_rate": 0.7355839359357094,
    "voting_power_distributed": 0.5884671487485675
  },
  "treasury": {
    "total_assets": 168970.41943977305,
    "efficiency_score": 0.8637091521452074,
    "asset_allocation": {
      "stablecoins": 0.4,
      "eth": 0.3,
      "btc": 0.2,
      "other": 0.1
    }
  }
}