{
  "tokenomics_engine": "TokenomicsCore",
  "generated_at": "2025-07-30T20:14:10.753Z",
  "metrics": {
    "liquidity_ratio": 0.925752806866185,
    "apr": 0.1326664803028598,
    "participation_rate": 0.7073198862054748,
    "treasury_efficiency": 0.8500254213641327,
    "token_price": 1.0071105749404186,
    "total_value_locked": 1058916.6403966711
  },
  "pools": [
    {
      "name": "USDC/TOKEN",
      "liquidity": 423566.65615866845,
      "apr": 0.15919977636343174
    },
    {
      "name": "ETH/TOKEN",
      "liquidity": 317674.99211900134,
      "apr": 0.14593312833314578
    },
    {
      "name": "BTC/TOKEN",
      "liquidity": 211783.32807933423,
      "apr": 0.11939983227257382
    },
    {
      "name": "STAKING",
      "liquidity": 105891.66403966711,
      "apr": 0.1989997204542897
    }
  ],
  "governance": {
    "active_proposals": 1,
    "participation_rate": 0.7073198862054748,
    "voting_power_distributed": 0.5658559089643799
  },
  "treasury": {
    "total_assets": 158837.49605950067,
    "efficiency_score": 0.8500254213641327,
    "asset_allocation": {
      "stablecoins": 0.4,
      "eth": 0.3,
      "btc": 0.2,
      "other": 0.1
    }
  }
}